{
  "system_id": "17",
  "status": "OK",
  "is_calibration": true,
  "outcome": "AGREE",
  "baseline_outcome": "BASELINE-AGREE",
  "n_raw": 5119679,
  "n_seg": 37851,
  "n_hc": 16943,
  "baseline": {
    "scores": {
      "1": 0.540481775131286,
      "2": 0.5272743347398889,
      "3": 0.11027922477423076,
      "4": 0.538794442464919,
      "5": 0.562877126866188,
      "6": 0.5600453129094911,
      "7": 0.5302360929857042,
      "8": 0.4650997571377666
    },
    "weak_cell": 3
  },
  "gate": {
    "ratio": 13.38195362100559,
    "noise_ceiling": 0.0003921175403905383,
    "median_gap": 0.005247298739488969,
    "gate_pass": true,
    "per_seed_gaps": {
      "42": 0.005084592332048581,
      "43": 0.00549534889982661,
      "44": 0.0053354490373793955,
      "45": 0.005159148441598542
    },
    "primary_scores": {
      "1": 3.837416874487841e-06,
      "2": 3.4719185542010063e-06,
      "3": 0.005088916378686279,
      "4": 2.856989468129312e-06,
      "5": 4.953970801184184e-06,
      "6": 3.9561915186004255e-06,
      "7": 5.6908201802317285e-06,
      "8": 5.501019067054463e-06
    },
    "vdetector_pred": 3
  },
  "gp": {
    "gp_confident": true,
    "gp_weak_cell": 3,
    "r0_final": {
      "1": 0.008597332924865347,
      "2": 0.008916592868879426,
      "3": 0.01722609498411905,
      "4": 0.008417806420953496,
      "5": 0.0080830286162191,
      "6": 0.008325689947491423,
      "7": 0.008982744045385438,
      "8": 0.009297489281081088
    },
    "band_prob_final": {
      "1": 3.272435521635882e-08,
      "2": 0.0048085582451830216,
      "3": 1.0,
      "4": 2.6617916204507708e-11,
      "5": 3.344546861683284e-15,
      "6": 8.089954632121514e-11,
      "7": 0.08662434461765016,
      "8": 0.662839094715406
    },
    "max_band_prob": 1.0,
    "gp_band_prob_threshold": 0.5,
    "fault_probs_computed": true
  },
  "vdetector_pred": 3,
  "elapsed_s": 401.0
}