{
  "model": "BatteryGNN (3-layer GraphSAGE) + voltage head",
  "n_params": 9433,
  "dataset": "Quartz WLTP (36-cell NMC811)",
  "split": "70/15/15 by cycle index",
  "n_windows_total": 12690,
  "n_cells": 36,
  "epochs": 60,
  "test_mae_mV": 160.24,
  "test_rmse_mV": 202.73,
  "test_r2": 0.4291,
  "best_val_mae_mV": 137.34,
  "ekf_baseline_mae_mV": 18.6,
  "gnn_vs_ekf_delta_mV": 141.64,
  "verdict": "EKF better by 141.6 mV",
  "per_cell_mae_mV": [
    140.75,
    143.58,
    144.98,
    144.87,
    145.18,
    147.46,
    143.96,
    146.38,
    146.82,
    150.39,
    148.6,
    150.41,
    194.0,
    194.68,
    196.76,
    198.62,
    193.75,
    195.43,
    191.62,
    194.34,
    196.1,
    193.53,
    191.91,
    192.72,
    140.88,
    146.36,
    142.32,
    147.86,
    136.35,
    139.9,
    135.95,
    137.14,
    137.06,
    138.19,
    139.61,
    140.05
  ],
  "training_history": {
    "train_mse": [
      0.19383637419566005,
      0.06793812784005185,
      0.05048920043116929,
      0.03320693061211888,
      0.022442747560031964,
      0.01635797074710836,
      0.012301930660369243,
      0.009526566976085811,
      0.007374458540813858,
      0.00607036838947865,
      0.005285770611736138,
      0.004757721374622312,
      0.0044008563415204385,
      0.004091868012332592,
      0.003813924000212023,
      0.0036473082026884872,
      0.003449211065771476,
      0.003240212874144924,
      0.0030817794748170136,
      0.0029842254577432665,
      0.0028358955929359917,
      0.0026881377407520705,
      0.0025756700062604786,
      0.002550392072698494,
      0.0024154825859899524,
      0.0022824199578794493,
      0.0022213458365500987,
      0.002108153846704078,
      0.0021537295067492798,
      0.002000334906252418,
      0.0019335692081613098,
      0.001913161336944825,
      0.0018745236990491854,
      0.0017927561872353663,
      0.0017409824732957141,
      0.0017001932569253608,
      0.0016651312031840183,
      0.001622255217619747,
      0.001590442033579611,
      0.0015529394870446552,
      0.0015281501177026808,
      0.0014870700067650452,
      0.0014693170134928457,
      0.0014520476146151317,
      0.0014196013323772624,
      0.001405903606653391,
      0.0013792008952693824,
      0.0013649157485227754,
      0.0013301940436861446,
      0.0013152929894043272,
      0.0013158881274957944,
      0.0013031312795102495,
      0.0012942520817615041,
      0.0012701194053103982,
      0.0012686688007096298,
      0.0012703796763125124,
      0.001252759987691126,
      0.001252829087312099,
      0.0012512938313496609,
      0.0012449828336066027
    ],
    "val_mae_mV": [
      137.34,
      258.1,
      246.35,
      248.63,
      229.06,
      240.65,
      275.12,
      224.14,
      253.74,
      198.6,
      183.96,
      153.81,
      216.8,
      300.62,
      255.38,
      266.21,
      231.42,
      263.98,
      249.55,
      265.38,
      346.46,
      288.81,
      329.09,
      305.71,
      358.57,
      385.39,
      307.05,
      317.36,
      305.52,
      359.68,
      306.67,
      338.75,
      356.17,
      286.79,
      432.04,
      336.34,
      355.23,
      295.93,
      358.2,
      408.61,
      387.03,
      385.71,
      345.43,
      357.6,
      386.62,
      354.08,
      356.28,
      403.03,
      388.19,
      342.54,
      349.73,
      388.18,
      359.91,
      310.64,
      386.54,
      305.92,
      342.0,
      375.09,
      267.63,
      335.55
    ],
    "test_mae_mV": 160.24,
    "test_rmse_mV": 202.73,
    "test_r2": 0.4291,
    "best_val_mae_mV": 137.34
  }
}