{
  "meta": {
    "script": "degradation/hierarchical_beta.py",
    "model": "partial-pooling hierarchical Normal: beta_i ~ N(mu_beta, sigma_beta)",
    "scale": "D_k=k (unit-cycle damage, gamma=0.5 fixed)",
    "chemistry": "NASA LCO 18650 (Sanyo UR18650E) \u2014 SAME chemistry only",
    "scope_note": "WITHIN-CHEMISTRY uncertainty only (LCO, 1C, DoD\u2248100%). Cross-chemistry transfer (LCO\u2192NCM) was empirically shown to fail by 200-300x in this project's own verification work (commit eb7779b). Do NOT apply this posterior to NCM or other chemistries.",
    "citations": {
      "partial_pooling": "Gelman & Hill (2007). CUP. ISBN 978-0-521-68689-1.",
      "pymc": "PyMC Dev Team (2023). PeerJ Comput. Sci. 9:e1516."
    }
  },
  "priors": {
    "mu_beta": "Normal(0.022, 0.015)",
    "sigma_beta": "HalfNormal(0.01)",
    "sigma_obs": "HalfNormal(0.05) [CORRECTED from 0.010 \u2014 dry-run revealed empirical residuals 0.030-0.049; original HalfNormal(0.010) placed data in far prior tail]"
  },
  "mcmc_settings": {
    "n_chains": 4,
    "n_tune": 2000,
    "n_draws": 2000,
    "target_accept": 0.9,
    "sampler": "NUTS"
  },
  "dry_run_check": {
    "ols_vs_ref": {
      "B0005": {
        "beta_ols": 0.01930440698971391,
        "beta_ref": 0.019304406989713908,
        "err_pct": 1.7972305255489498e-14,
        "sigma_obs_empirical": 0.048798888925726175,
        "se_beta": 0.0004095688687397115
      },
      "B0006": {
        "beta_ols": 0.028854429304954524,
        "beta_ref": 0.02885442930495452,
        "err_pct": 1.202396663363487e-14,
        "sigma_obs_empirical": 0.038705899770866276,
        "se_beta": 0.00032485845337247
      },
      "B0007": {
        "beta_ols": 0.016394047999732063,
        "beta_ref": 0.01639404799973206,
        "err_pct": 2.1162844905724972e-14,
        "sigma_obs_empirical": 0.036946728171895274,
        "se_beta": 0.0003100937335689881
      },
      "B0018": {
        "beta_ols": 0.021619872593334328,
        "beta_ref": 0.02161987259333432,
        "err_pct": 3.209498055065438e-14,
        "sigma_obs_empirical": 0.028667574201874442,
        "se_beta": 0.0003059800822498904
      }
    },
    "prior_flags": [],
    "shrinkage_estimates": {
      "B0005": {
        "se_beta": 0.0004095688687397115,
        "w_prior": 0.005886594458122482,
        "shrinkage_pct": 0.5886594458120007
      },
      "B0006": {
        "se_beta": 0.00032485845337246996,
        "w_prior": 0.003711485584922472,
        "shrinkage_pct": 0.37114855849220013
      },
      "B0007": {
        "se_beta": 0.0003100937335689881,
        "w_prior": 0.003382895841888857,
        "shrinkage_pct": 0.3382895841887908
      },
      "B0018": {
        "se_beta": 0.0003059800822498904,
        "w_prior": 0.003294031007973975,
        "shrinkage_pct": 0.32940310079630786
      }
    },
    "pop_mean": 0.02154318922193371,
    "pop_sd": 0.005322465378014807,
    "max_shrinkage_pct": 0.5886594458120007,
    "pre_registered_shrinkage_lt15_pass": true
  },
  "convergence": {
    "rhat_max": 1.0,
    "ess_bulk_min": 6046.0,
    "converged": true,
    "per_param": {
      "mu_beta": {
        "mean": 0.02162,
        "sd": 0.00369,
        "r_hat": 1.0,
        "ess_bulk": 7657.0
      },
      "sigma_beta": {
        "mean": 0.00712,
        "sd": 0.0031,
        "r_hat": 1.0,
        "ess_bulk": 6046.0
      },
      "beta[0]": {
        "mean": 0.019315,
        "sd": 0.000344,
        "r_hat": 1.0,
        "ess_bulk": 13206.0
      },
      "beta[1]": {
        "mean": 0.02883,
        "sd": 0.000343,
        "r_hat": 1.0,
        "ess_bulk": 11838.0
      },
      "beta[2]": {
        "mean": 0.016415,
        "sd": 0.000347,
        "r_hat": 1.0,
        "ess_bulk": 10716.0
      },
      "beta[3]": {
        "mean": 0.021623,
        "sd": 0.000433,
        "r_hat": 1.0,
        "ess_bulk": 10888.0
      },
      "sigma_obs": {
        "mean": 0.04111,
        "sd": 0.00116,
        "r_hat": 1.0,
        "ess_bulk": 13222.0
      }
    }
  },
  "hyperparameters": {
    "mu_beta": {
      "mean": 0.021619743412477993,
      "sd": 0.0036923882911353433,
      "hdi_94": [
        0.014422347293551529,
        0.028866451398957865
      ]
    },
    "sigma_beta": {
      "mean": 0.007116392665353711,
      "sd": 0.0031012155975099847,
      "hdi_94": [
        0.0027916366481024546,
        0.012947266146455317
      ]
    },
    "sigma_obs": {
      "mean": 0.04111499071382839,
      "sd": 0.0011573440337512967,
      "hdi_94": [
        0.03883891718565921,
        0.0432174569508337
      ]
    }
  },
  "per_cell_posterior": {
    "B0005": {
      "mean": 0.01931469573154872,
      "sd": 0.0003436291083406353,
      "hdi_94_lo": 0.01868921163789992,
      "hdi_94_hi": 0.019976806229939168
    },
    "B0006": {
      "mean": 0.028830297170642852,
      "sd": 0.0003434052700840904,
      "hdi_94_lo": 0.02818144743292552,
      "hdi_94_hi": 0.029481753857966374
    },
    "B0007": {
      "mean": 0.016415482975190927,
      "sd": 0.00034743958599202845,
      "hdi_94_lo": 0.01575097821372711,
      "hdi_94_hi": 0.017053854271694795
    },
    "B0018": {
      "mean": 0.021622734955045023,
      "sd": 0.00043297220865907233,
      "hdi_94_lo": 0.020788074651250245,
      "hdi_94_hi": 0.022410966792797433
    }
  },
  "check_A_shrinkage": {
    "B0005": {
      "beta_ols": 0.01930440698971391,
      "beta_post_mean": 0.01931469573154872,
      "beta_post_sd": 0.0003436291083406353,
      "mu_pop_post": 0.021619743412477993,
      "abs_shift": 1.0288741834809517e-05,
      "pct_of_beta": 0.05329737318681273,
      "shrinkage_pct": 0.4443735145204803,
      "shrinkage_pct_note": "valid"
    },
    "B0006": {
      "beta_ols": 0.028854429304954524,
      "beta_post_mean": 0.028830297170642852,
      "beta_post_sd": 0.0003434052700840904,
      "mu_pop_post": 0.021619743412477993,
      "abs_shift": 2.413213431167252e-05,
      "pct_of_beta": 0.0836340724560025,
      "shrinkage_pct": 0.33356160406034935,
      "shrinkage_pct_note": "valid"
    },
    "B0007": {
      "beta_ols": 0.016394047999732063,
      "beta_post_mean": 0.016415482975190927,
      "beta_post_sd": 0.00034743958599202845,
      "mu_pop_post": 0.021619743412477993,
      "abs_shift": 2.143497545886372e-05,
      "pct_of_beta": 0.13074852201977655,
      "shrinkage_pct": 0.41018417197799034,
      "shrinkage_pct_note": "valid"
    },
    "B0018": {
      "beta_ols": 0.021619872593334328,
      "beta_post_mean": 0.021622734955045023,
      "beta_post_sd": 0.00043297220865907233,
      "mu_pop_post": 0.021619743412477993,
      "abs_shift": 2.862361710695427e-06,
      "pct_of_beta": 0.013239493888496807,
      "shrinkage_pct": null,
      "shrinkage_pct_note": "degenerate (|beta_ols - mu_pop| < 3\u00d7MC noise; abs_shift is the correct diagnostic)"
    },
    "max_valid_shrinkage_pct": 0.4443735145204803,
    "pre_registered_lt15_pass": true,
    "note": "Shrinkage % only computed where |beta_ols - mu_pop| > 3\u00d7posterior_SD. For cells where beta_ols \u2248 mu_pop, abs_shift and pct_of_beta are reported instead."
  },
  "check_B_posterior_predictive": {
    "n_cycles": 168,
    "new_beta_post_mean": 0.02152161590819276,
    "new_beta_post_sd": 0.008565095271701767,
    "eol_dsoh_q5": 0.10080633761524974,
    "eol_dsoh_q25": 0.21885688114507013,
    "eol_dsoh_q50": 0.279402744706265,
    "eol_dsoh_q75": 0.33997121336296177,
    "eol_dsoh_q95": 0.45632372887414274,
    "eol_dsoh_interp": "5th-95th PI at k=168: [0.1008, 0.4563] \u0394SOH (= [0.544, 0.899] SOH)",
    "note": "Posterior predictive for a new LCO cell, same protocol. Width reflects both between-cell sigma_beta and within-cell sigma_obs uncertainty. Applicable ONLY within LCO chemistry, 1C DoD\u2248100% protocol \u2014 NOT transferable to NCM or other chemistries."
  },
  "pre_registered_expectations_vs_actual": {
    "mu_beta_near_ols_mean": {
      "expected": "\u22480.022",
      "actual": "0.021620"
    },