{
  "rwth_48cell": {
    "metrics": {
      "r2": 0.96818883680108,
      "mae_mv": 2.393405874575861,
      "rmse_mv": 2.999373187776232,
      "n_points": 2880000,
      "per_cell_r2": [
        0.9684864583615416,
        0.9685767851498448,
        0.9683186758208908,
        0.9681455347614125,
        0.9682238233173786,
        0.9682927859730256,
        0.9684621736861898,
        0.9679459168625748,
        0.9682088947335606,
        0.9678341678839731,
        0.9682672972867288,
        0.9680108712304477,
        0.9683253619409591,
        0.9681476483803617,
        0.9684735089930195,
        0.9679728362246195,
        0.9680703509744301,
        0.9683186603611368,
        0.9681420969553542,
        0.9680502127336282,
        0.968036112873953,
        0.9680985649258457,
        0.9679551827054179,
        0.9681628610374472,
        0.9681993126947998,
        0.9680903336681668,
        0.9680723821255726,
        0.9681068770619408,
        0.9680145777332254,
        0.9680692023241576,
        0.9682007525415042,
        0.9681536480504621,
        0.9682548287002548,
        0.9681214643743462,
        0.9681582068031513,
        0.9683432775933888,
        0.9682658057017758,
        0.9679147057686561,
        0.9684898075119126,
        0.9684500183229242,
        0.9684979809802369,
        0.9681820866455404,
        0.9683435399548704,
        0.9682398978903299,
        0.9680280846837486,
        0.9682761956261378,
        0.9679882378242106,
        0.9680708764024907
      ],
      "weakest_cell": 9
    },
    "weakest_accuracy": 1.0,
    "n_cells": 48,
    "was_real_data": false
  },
  "rwth_field": {
    "metrics": {
      "r2": 0.28819770302397996,
      "mae_mv": 2.3944561271772424,
      "rmse_mv": 3.0002556124331137,
      "n_points": 1260000,
      "per_cell_r2": [
        0.28606006969289766,
        0.28634278617770637,
        0.28849850623405804,
        0.2873106938381784,
        0.2862036497039633,
        0.29338912791659244,
        0.28510257441681486,
        0.2857286117646942,
        0.2882354305227759,
        0.28125921728171854,
        0.28185273813290324,
        0.2850926726576878,
        0.28082387552687127,
        0.2902481100358165,
        0.28252181931896037,
        0.28130633589012355,
        0.2855169167742333,
        0.2890092376995723,
        0.28704089786126674,
        0.28226183686230866,
        0.2805883964960887
      ],
      "weakest_cell": 20
    },
    "weakest_accuracy": 1.0,
    "n_cells": 21,
    "was_real_data": false
  },
  "nature_pack": {
    "metrics": {
      "r2": 0.968314471850647,
      "mae_mv": 2.3916553263312297,
      "rmse_mv": 2.9976699413673433,
      "n_points": 300000,
      "per_cell_r2": [
        0.9682454549888081,
        0.967981239374842,
        0.9687977314802,
        0.968428812751161,
        0.9681155013393548
      ],
      "weakest_cell": 1
    },
    "weakest_accuracy": 1.0,
    "n_cells": 5,
    "was_real_data": false
  },
  "stanford_slac": {
    "metrics": {
      "r2": 0.9680889066968086,
      "mae_mv": 2.388158565617351,
      "rmse_mv": 2.993169067654464,
      "n_points": 240000,
      "per_cell_r2": [
        0.9680395612527306,
        0.9683709485607079,
        0.967937663239808,
        0.9681279190089113,
        0.9681250966186697,
        0.9678116144667993,
        0.9681024791336881,
        0.9681947989433617
      ],
      "weakest_cell": 5
    },
    "weakest_accuracy": 1.0,
    "n_cells": 8,
    "was_real_data": false
  }
}