{
  "delta": 0.012,
  "delta_x_spread": 3.0,
  "healthy_cells": [
    "P1S12",
    "P3S6",
    "P2S8",
    "P3S10",
    "P2S6",
    "P3S1",
    "P1S3",
    "P2S1",
    "P1S4",
    "P2S10",
    "P3S12"
  ],
  "target_cell": "P1S7",
  "n_timesteps": 2005,
  "train_stats": {
    "n_candidates": 50000,
    "n_survivors": 48788,
    "n_filtered_r_min": 1212,
    "p95_self_cloud": 0.3050924461354418,
    "centroid": [
      0.5539570495131696,
      0.08742781220485568
    ],
    "r_min_actual": 0.005004145129262171,
    "r_max_actual": 0.15,
    "r_mean": 0.14448927053239566,
    "r_median": 0.15,
    "r_p5": 0.10390083321879043,
    "r_p95": 0.15,
    "saturation_flag": false
  },
  "Mode_A": {
    "top1_pass": true,
    "gap_pass": 1.0,
    "overall": 1.0,
    "target_primary": 8.376615238161054e-05,
    "healthy_max_primary": 1.3535072706035191e-05,
    "healthy_std_primary": 4.110281476844879e-06,
    "gap_threshold": 1.764535418288007e-05,
    "scores_primary": {
      "P1S12": 2.8010648953577355e-06,
      "P3S6": 2.944184999500102e-06,
      "P2S8": 1.1654065623021235e-06,
      "P3S10": 1.1756294268837212e-06,
      "P2S6": 1.6254354684740145e-06,
      "P3S1": 3.2406480723664314e-06,
      "P1S3": 4.099368697220628e-06,
      "P2S1": 1.1746071404255617e-05,
      "P1S4": 1.3535072706035191e-05,
      "P2S10": 1.5743211455660264e-06,
      "P3S12": 1.8707842184323564e-06,
      "P1S7": 8.376615238161054e-05
    },
    "scores_secondary": {
      "P1S12": 0.001024842174305157,
      "P3S6": 0.0014347790440272198,
      "P2S8": 0.0019881938181520046,
      "P3S10": 0.0007993768959580225,
      "P2S6": 0.0007788800524719193,
      "P3S1": 0.0017217348528326638,
      "P1S3": 0.004037878166762318,
      "P2S1": 0.002316143313929655,
      "P1S4": 0.004283840288595556,
      "P2S10": 0.0008198737394441257,
      "P3S12": 0.0013732885135689103,
      "P1S7": 0.0044683118799704845
    },
    "sorted_ranking": [
      "P1S7",
      "P1S4",
      "P2S1",
      "P1S3",
      "P3S1",
      "P3S6",
      "P1S12",
      "P3S12",
      "P2S6",
      "P2S10",
      "P3S10",
      "P2S8"
    ],
    "n_clipped": 0
  },
  "Mode_B": {
    "top1_pass": true,
    "gap_pass": 1.0,
    "overall": 1.0,
    "target_primary": 8.353102649623382e-05,
    "healthy_max_primary": 1.3535072706035191e-05,
    "healthy_std_primary": 4.110281476844879e-06,
    "gap_threshold": 1.764535418288007e-05,
    "scores_primary": {
      "P1S12": 2.8010648953577355e-06,
      "P3S6": 2.944184999500102e-06,
      "P2S8": 1.1654065623021235e-06,
      "P3S10": 1.1756294268837212e-06,
      "P2S6": 1.6254354684740145e-06,
      "P3S1": 3.2406480723664314e-06,
      "P1S3": 4.099368697220628e-06,
      "P2S1": 1.1746071404255617e-05,
      "P1S4": 1.3535072706035191e-05,
      "P2S10": 1.5743211455660264e-06,
      "P3S12": 1.8707842184323564e-06,
      "P1S7": 8.353102649623382e-05
    },
    "scores_secondary": {
      "P1S12": 0.001024842174305157,
      "P3S6": 0.0014347790440272198,
      "P2S8": 0.0019881938181520046,
      "P3S10": 0.0007993768959580225,
      "P2S6": 0.0007788800524719193,
      "P3S1": 0.0017217348528326638,
      "P1S3": 0.004037878166762318,
      "P2S1": 0.002316143313929655,
      "P1S4": 0.004283840288595556,
      "P2S10": 0.0008198737394441257,
      "P3S12": 0.0013732885135689103,
      "P1S7": 0.004447815036484381
    },
    "sorted_ranking": [
      "P1S7",
      "P1S4",
      "P2S1",
      "P1S3",
      "P3S1",
      "P3S6",
      "P1S12",
      "P3S12",
      "P2S6",
      "P2S10",
      "P3S10",
      "P2S8"
    ],
    "n_clipped": 0
  },
  "combined_pass": 1.0
}