{
 "summary": {
  "dataset": "CALCE_A123",
  "stamp": "20260720T054523Z",
  "n_trips": 26,
  "calibration": {
   "delta_R0_mOhm": 121.64420137063485,
   "delta_R0_physical(|dR0|<50mOhm)": false,
   "delta_V_OLS_mV": 79.61683856100053,
   "dv_soc_range_mV": [
    -300.56373999216606,
    345.90864676573676
   ],
   "n_cal_segments": 17,
   "gamma": 4.0,
   "R_meas_mV": 2.0,
   "ocv_source": "empirical PCHIP: 20 SOC bins (5602 near-rest points, |I_cell|<2A) from CALCE_A123. Source: fleet data per survey \u00a71.7.",
   "ocv_generic_fallback": false,
   "r_int_gate_fired": true
  },
  "medians": {
   "rmse_full_pct": 31.704197880461972,
   "innov_mean_mV": -0.5787829855854703,
   "innov_std_mV": 146.92233796110057,
   "innov_lag1_autocorr": -0.149699387207392,
   "innov_soc_struct_rms_mV": 2.49358054005068,
   "frac_flat_ocv": 0.5936111111111111,
   "dt_median_s": 1.0044092313301007,
   "I_quant_step_A": 9e-05,
   "duration_s": 1798.402556285937,
   "soh_end": 0.590084887599002,
   "r_int_end_mOhm": 8.0
  },
  "outcome_counts": {
   "converged": 7,
   "recovered": 1,
   "diverged": 18
  }
 },
 "per_trip": [
  {
   "rmse_full_pct": 73.59911900437174,
   "mae_full_pct": 73.28341274471532,
   "t_conv_strict_s": null,
   "err_end_pct": 62.78555904011546,
   "min_abs_err_pct": 62.78555904011546,
   "outcome": "diverged",
   "duration_s": 1799.1066023266903,
   "n_samples": 1796.0,
   "innov_mean_mV": 15.548426878838894,
   "innov_std_mV": 143.69596969847763,
   "innov_lag1_autocorr": -0.1966744908877728,
   "innov_soc_struct_rms_mV": 0.3150768558560689,
   "frac_flat_ocv": 0.6777777777777778,
   "dt_median_s": 1.0001239569974132,
   "I_quant_step_A": 3e-06,
   "r_int_gate_enabled": false,
   "soh_end": 0.5701754387442906,
   "r_int_end_mOhm": 8.0,
   "vehicle_id": "A1_seg_0002_win003",
   "seg_index": 0
  },
  {
   "rmse_full_pct": 28.925821341918734,
   "mae_full_pct": 24.909616583292348,
   "t_conv_strict_s": null,
   "err_end_pct": 36.97183802070266,
   "min_abs_err_pct": 0.15472163186138754,
   "outcome": "diverged",
   "duration_s": 1798.312972691514,
   "n_samples": 1792.0,
   "innov_mean_mV": -3.1335535521862763,
   "innov_std_mV": 150.1487062237235,
   "innov_lag1_autocorr": -0.17460916815945757,
   "innov_soc_struct_rms_mV": 11.281866981236968,
   "frac_flat_ocv": 0.7465181058495822,
   "dt_median_s": 1.0001863204597612,
   "I_quant_step_A": 3e-06,
   "r_int_gate_enabled": false,
   "soh_end": 0.5311933912924258,
   "r_int_end_mOhm": 8.0,
   "vehicle_id": "A1_seg_0002_win004",
   "seg_index": 1
  },
  {
   "rmse_full_pct": 27.093727652243242,
   "mae_full_pct": 26.19424738017774,
   "t_conv_strict_s": null,
   "err_end_pct": 14.491067300205804,
   "min_abs_err_pct": 14.453525752272341,
   "outcome": "diverged",
   "duration_s": 1799.70089399859,
   "n_samples": 1794.0,
   "innov_mean_mV": 13.920698972354094,
   "innov_std_mV": 133.92792613040743,
   "innov_lag1_autocorr": -0.14602122175431176,
   "innov_soc_struct_rms_mV": 0.4206350425410385,
   "frac_flat_ocv": 0.48467966573816157,
   "dt_median_s": 1.000172846877831,
   "I_quant_step_A": 3e-06,
   "r_int_gate_enabled": false,
   "soh_end": 0.609646078838339,
   "r_int_end_mOhm": 8.0,
   "vehicle_id": "A1_seg_0002_win005",
   "seg_index": 2
  },
  {
   "rmse_full_pct": 9.618867823205992,
   "mae_full_pct": 8.672247577251131,
   "t_conv_strict_s": 675.671969487048,
   "err_end_pct": 1.2750969918291277,
   "min_abs_err_pct": 1.2750969918291277,
   "outcome": "converged",
   "duration_s": 947.7683877350864,
   "n_samples": 948.0,
   "innov_mean_mV": 9.127999713125392,
   "innov_std_mV": 155.6375340445065,
   "innov_lag1_autocorr": -0.22051215742994043,
   "innov_soc_struct_rms_mV": null,
   "frac_flat_ocv": 0.3037974683544304,
   "dt_median_s": 1.0001501342558186,
   "I_quant_step_A": 3e-06,
   "r_int_gate_enabled": false,
   "soh_end": 0.6578442913675293,
   "r_int_end_mOhm": 8.0,
   "vehicle_id": "A1_seg_0002_win006",
   "seg_index": 3
  },
  {
   "rmse_full_pct": 51.187499540620415,
   "mae_full_pct": 48.491654049219875,
   "t_conv_strict_s": null,
   "err_end_pct": 46.71837152134345,
   "min_abs_err_pct": 19.995254616450723,
   "outcome": "diverged",
   "duration_s": 1798.7902938916743,
   "n_samples": 361.0,
   "innov_mean_mV": -2.8750376602907335,
   "innov_std_mV": 57.986112906650895,
   "innov_lag1_autocorr": 0.39937872414312586,
   "innov_soc_struct_rms_mV": 16.56108288917045,
   "frac_flat_ocv": 0.6121883656509696,
   "dt_median_s": 5.005112071371599,
   "I_quant_step_A": 0.00018,
   "r_int_gate_enabled": false,
   "soh_end": 0.6519586679642168,
   "r_int_end_mOhm": 8.0,
   "vehicle_id": "A1_seg_0000_win000",
   "seg_index": 4
  },
  {
   "rmse_full_pct": 30.282203792483088,
   "mae_full_pct": 26.995899662275885,
   "t_conv_strict_s": null,
   "err_end_pct": 6.190666913928522,
   "min_abs_err_pct": 6.190666913928522,
   "outcome": "recovered",
   "duration_s": 1794.8505187707995,
   "n_samples": 360.0,
   "innov_mean_mV": -36.48101389200811,
   "innov_std_mV": 29.475025678373065,
   "innov_lag1_autocorr": -0.5545403302715562,
   "innov_soc_struct_rms_mV": 1.9787560457001614,
   "frac_flat_ocv": 0.6138888888888889,
   "dt_median_s": 5.004982532456779,
   "I_quant_step_A": 0.00018,
   "r_int_gate_enabled": false,
   "soh_end": 0.6672921767344885,
   "r_int_end_mOhm": 8.0,
   "vehicle_id": "A1_seg_0000_win001",
   "seg_index": 5
  },
  {
   "rmse_full_pct": 1.8199500776178699,
   "mae_full_pct": 1.139563158380264,
   "t_conv_strict_s": 0.0,
   "err_end_pct": 0.02308765285751191,
   "min_abs_err_pct": 0.0,
   "outcome": "converged",
   "duration_s": 1796.1082005208232,
   "n_samples": 500.0,
   "innov_mean_mV": -36.090357302904124,
   "innov_std_mV": 40.68211090655062,
   "innov_lag1_autocorr": 0.12917264057744382,
   "innov_soc_struct_rms_mV": null,
   "frac_flat_ocv": 0.752,
   "dt_median_s": 5.001373535950734,
   "I_quant_step_A": 0.00018,
   "r_int_gate_enabled": false,
   "soh_end": 1.0,
   "r_int_end_mOhm": 8.0,
   "vehicle_id": "A1_seg_0000_win002",
   "seg_index": 6
  },
  {
   "rmse_full_pct": 86.01472694711124,
   "mae_full_pct": 85.73611912938613,
   "t_conv_strict_s": null,
   "err_end_pct": 74.41739036566494,
   "min_abs_err_pct": 74.41739036566494,
   "outcome": "diverged",
   "duration_s": 1798.943780447683,
   "n_samples": 1800.0,
   "innov_mean_mV": 15.15346411745123,
   "innov_std_mV": 119.51363982592915,
   "innov_lag1_autocorr": -0.03886185340152865,
   "innov_soc_struct_rms_mV": 0.21501219271307878,
   "frac_flat_ocv": 0.5833333333333334,
   "dt_median_s": 1.0047873579251245,
   "I_quant_step_A": 9e-05,
   "r_int_gate_enabled": false,
   "soh_end": 0.5701754387442906,
   "r_int_end_mOhm": 8.0,
   "vehicle_id": "A1_seg_0000_win003",
   "seg_index": 7
  },
  {
   "rmse_full_pct": 33.12619196844086,
   "mae_full_pct": 29.122712322212998,
   "t_conv_strict_s": null,
   "err_end_pct": 50.51530363286167,
   "min_abs_err_pct": 4.662967710628041,
   "outcome": "diverged",
   "duration_s": 1798.9548567864986,
   "n_samples": 1800.0,
   "innov_mean_mV": -0.7418850557834548,
   "innov_std_mV": 117.94071122385782,
   "innov_lag1_autocorr": 0.022468386804009935,
   "innov_soc_struct_rms_mV": 3.9522070562430813,
   "frac_flat_ocv": 0.48333333333333334,
   "dt_median_s": 1.0046672505231982,
   "I_quant_step_A": 9e-05,
   "r_int_gate_enabled": false,
   "soh_end": 0.5498019818950779,
   "r_int_end_mOhm": 8.0,
   "vehicle_id": "A1_seg_0000_win004",
   "seg_index": 8
  },
  {
   "rmse_full_pct": 38.569600621362845,
   "mae_full_pct": 37.942198933504265,
   "t_conv_strict_s": null,
   "err_end_pct": 26.613163514899174,
   "min_abs_err_pct": 26.613163514899174,
   "outcome": "diverged",
   "duration_s": 1799.0680660553662,
   "n_samples": 1800.0,
   "innov_mean_mV": 13.892257220564822,
   "innov_std_mV": 115.45294441550966,
   "innov_lag1_autocorr": -0.0018031419322306229,
   "innov_soc_struct_rms_mV": 0.36657299031484136,
   "frac_flat_ocv": 0.5833333333333334,