{
  "meta": {
    "script": "data/run_main_table.py",
    "utc": "20260719T130327Z",
    "git_commit": "9b749c0",
    "python": "3.14.2",
    "seeds": {
      "deng_eval_sample": 42
    },
    "protocol": "identical to data/soc_baseline_benchmark*.py (Phase 0 reproduced byte-identically); metrics layer standardized per validation/metrics.py",
    "cross_check_tol_pct": 1e-06,
    "cross_check_max_diff_pct": {
      "BMW_i3": 0.0,
      "Deng_BAIC_EU500": 0.0,
      "VED": 0.0,
      "CALCE_A123": 0.0,
      "Parallel_Module": 0.0
    }
  },
  "aggregate_rows": [
    {
      "dataset": "BMW_i3",
      "method": "ekf",
      "n_trips": 63,
      "rmse_full_median": 17.605584782749176,
      "rmse_full_q25": 13.094099976315178,
      "rmse_full_q75": 19.880411060181487,
      "rmse_full_mean": 17.688479691607025,
      "mae_full_median": 16.227216818704466,
      "mae_full_mean": 17.256334217451986,
      "maxerr_full_median": 20.013112037037097,
      "rmse_postconv_median": 2.0546557339234717,
      "rmse_postconv_mean": 2.652812825037881,
      "n_postconv": 5,
      "conv_rate_strict": 0.07936507936507936,
      "t_conv_strict_median_s": 903.1,
      "conv_rate_hold": 0.09523809523809523,
      "t_conv_hold_median_s": 1072.05,
      "conv_rate_legacy": 0.14285714285714285,
      "t_conv_legacy_median_s": 982.2
    },
    {
      "dataset": "BMW_i3",
      "method": "coulomb",
      "n_trips": 63,
      "rmse_full_median": 28.39471385105711,
      "rmse_full_q25": 23.739383858457884,
      "rmse_full_q75": 35.861914176632595,
      "rmse_full_mean": 29.42043409017729,
      "mae_full_median": 27.598255759904887,
      "mae_full_mean": 28.610656457398225,
      "maxerr_full_median": 35.8,
      "rmse_postconv_median": null,
      "rmse_postconv_mean": null,
      "n_postconv": 0,
      "conv_rate_strict": 0.0,
      "t_conv_strict_median_s": null,
      "conv_rate_hold": 0.0,
      "t_conv_hold_median_s": null,
      "conv_rate_legacy": 0.015873015873015872,
      "t_conv_legacy_median_s": 1526.9
    },
    {
      "dataset": "BMW_i3",
      "method": "ocv_lookup",
      "n_trips": 63,
      "rmse_full_median": 38.42788954727097,
      "rmse_full_q25": 25.65936567928454,
      "rmse_full_q75": 49.99351066403957,
      "rmse_full_mean": 37.753746948120366,
      "mae_full_median": 30.414773631130853,
      "mae_full_mean": 31.348892062733306,
      "maxerr_full_median": 73.4,
      "rmse_postconv_median": 2.1397311874829694,
      "rmse_postconv_mean": 2.4417056440772247,
      "n_postconv": 25,
      "conv_rate_strict": 0.3968253968253968,
      "t_conv_strict_median_s": 1287.4,
      "conv_rate_hold": 0.3968253968253968,
      "t_conv_hold_median_s": 1287.4,
      "conv_rate_legacy": 0.7936507936507936,
      "t_conv_legacy_median_s": 117.9
    },
    {
      "dataset": "Deng_BAIC_EU500",
      "method": "ekf",
      "n_trips": 2000,
      "rmse_full_median": 9.283379517088294,
      "rmse_full_q25": 5.861742221040492,
      "rmse_full_q75": 12.16070794231484,
      "rmse_full_mean": 9.69217307590877,
      "mae_full_median": 6.909609987647708,
      "mae_full_mean": 7.468928891654763,
      "maxerr_full_median": 21.057185910788846,
      "rmse_postconv_median": 3.3231427280605406,
      "rmse_postconv_mean": 3.046022839113109,
      "n_postconv": 1678,
      "conv_rate_strict": 0.839,
      "t_conv_strict_median_s": 2642.0,
      "conv_rate_hold": 0.935,
      "t_conv_hold_median_s": 1180.5,
      "conv_rate_legacy": 0.9095,
      "t_conv_legacy_median_s": 912.0
    },
    {
      "dataset": "Deng_BAIC_EU500",
      "method": "coulomb",
      "n_trips": 2000,
      "rmse_full_median": 43.4243048071293,
      "rmse_full_q25": 26.06398791884195,
      "rmse_full_q75": 56.09678728326668,
      "rmse_full_mean": 40.123308348851644,
      "mae_full_median": 35.91048431157534,
      "mae_full_mean": 33.68465164681034,
      "maxerr_full_median": 78.81132385440611,
      "rmse_postconv_median": 2.765215474225989,
      "rmse_postconv_mean": 2.9338314316586382,
      "n_postconv": 70,
      "conv_rate_strict": 0.035,
      "t_conv_strict_median_s": 525.5,
      "conv_rate_hold": 0.086,
      "t_conv_hold_median_s": 942.5,
      "conv_rate_legacy": 0.9605,
      "t_conv_legacy_median_s": 530.0
    },
    {
      "dataset": "Deng_BAIC_EU500",
      "method": "ocv_lookup",
      "n_trips": 2000,
      "rmse_full_median": 6.347978911877719,
      "rmse_full_q25": 4.6484720553099095,
      "rmse_full_q75": 7.327760567205908,
      "rmse_full_mean": 6.051591944027226,
      "mae_full_median": 5.3012011638026735,
      "mae_full_mean": 5.138286760183873,
      "maxerr_full_median": 16.000000000000004,
      "rmse_postconv_median": 3.6499798549000886,
      "rmse_postconv_mean": 3.4994154748080275,
      "n_postconv": 1495,
      "conv_rate_strict": 0.7475,
      "t_conv_strict_median_s": 3731.0,
      "conv_rate_hold": 0.929,
      "t_conv_hold_median_s": 370.0,
      "conv_rate_legacy": 0.956,
      "t_conv_legacy_median_s": 10.0
    },
    {
      "dataset": "VED",
      "method": "ekf",
      "n_trips": 408,
      "rmse_full_median": 23.978649970719403,
      "rmse_full_q25": 11.490505351629652,
      "rmse_full_q75": 34.73550994937075,
      "rmse_full_mean": 25.7104851712867,
      "mae_full_median": 22.04081876683847,
      "mae_full_mean": 23.476525151227438,
      "maxerr_full_median": 31.852891269110234,
      "rmse_postconv_median": 1.6729865268518915,
      "rmse_postconv_mean": 2.012782220579001,
      "n_postconv": 66,
      "conv_rate_strict": 0.16176470588235295,
      "t_conv_strict_median_s": 138.7,
      "conv_rate_hold": 0.19852941176470587,
      "t_conv_hold_median_s": 0.0,
      "conv_rate_legacy": 0.375,
      "t_conv_legacy_median_s": 0.0
    },
    {
      "dataset": "VED",
      "method": "coulomb",
      "n_trips": 408,
      "rmse_full_median": 20.811915828714227,
      "rmse_full_q25": 6.063943476648604,
      "rmse_full_q75": 22.67186182530762,
      "rmse_full_mean": 16.04606797690447,
      "mae_full_median": 20.763839400979172,
      "mae_full_mean": 15.827043230535729,
      "maxerr_full_median": 22.08113620338888,
      "rmse_postconv_median": 1.3341616105601928,
      "rmse_postconv_mean": 1.6174547751988282,
      "n_postconv": 63,
      "conv_rate_strict": 0.15441176470588236,
      "t_conv_strict_median_s": 0.0,
      "conv_rate_hold": 0.19117647058823528,
      "t_conv_hold_median_s": 0.0,
      "conv_rate_legacy": 0.3112745098039216,
      "t_conv_legacy_median_s": 0.0
    },
    {
      "dataset": "VED",
      "method": "ocv_lookup",
      "n_trips": 408,
      "rmse_full_median": 11.397284306769055,
      "rmse_full_q25": 7.6724909197162665,
      "rmse_full_q75": 20.80412965258312,
      "rmse_full_mean": 14.825227019007281,
      "mae_full_median": 9.250358406546312,
      "mae_full_mean": 11.79176456934164,
      "maxerr_full_median": 31.201316249109187,
      "rmse_postconv_median": 2.6968796539979953,
      "rmse_postconv_mean": 2.4491996757023573,
      "n_postconv": 144,
      "conv_rate_strict": 0.35294117647058826,
      "t_conv_strict_median_s": 443.6,
      "conv_rate_hold": 0.36519607843137253,
      "t_conv_hold_median_s": 418.9,
      "conv_rate_legacy": 0.7843137254901961,
      "t_conv_legacy_median_s": 29.55
    },
    {
      "dataset": "CALCE_A123",
      "method": "ekf",
      "n_trips": 26,
      "rmse_full_median": 25.293778179663093,
      "rmse_full_q25": 16.05938277692277,
      "rmse_full_q75": 45.12098380588877,
      "rmse_full_mean": 35.18069845485191,
      "mae_full_median": 23.445431434536268,
      "mae_full_mean": 32.80024723097754,
      "maxerr_full_median": 49.1022023271905,
      "rmse_postconv_median": 2.6736583930378144,
      "rmse_postconv_mean": 2.6736583930378144,
      "n_postconv": 2,
      "conv_rate_strict": 0.07692307692307693,
      "t_conv_strict_median_s": 1470.9067311801687,
      "conv_rate_hold": 0.07692307692307693,
      "t_conv_hold_median_s": 1470.9067311801687,